table,status,records_after_normalize,with_address,with_address_comment,with_settlement,with_district,with_territory,with_coords,with_event_date,resolved_address,resolved_address_comment,resolved_arrival_time,resolved_casualty_flag,resolved_consequence,resolved_deaths,resolved_destroyed_area,resolved_destroyed_buildings,resolved_detection_time,resolved_distance_to_fire_station,resolved_district,resolved_event_date,resolved_injuries,resolved_latitude,resolved_longitude,resolved_object_category,resolved_object_name,resolved_registered_damage,resolved_report_time,resolved_settlement,resolved_settlement_type,resolved_territory_label,resolved_water_supply_count,resolved_water_supply_details
clean_ekup_2019,ok,11872,0,0,11869,0,11872,0,0,,,Дата и время прибытия,,,Количество погибших в КУП,,,,Удаленность от ближайшей ПЧ,,,Количество травмированных в КУП,,,,Наименование объекта,Зарегистрированный ущерб от пожар,Дата и время сообщения,Наименование населенного пункта,Наименование населенного пункта,,"Количество записей о технике, испо",Спасено на пожаре
clean_ekup_2020,ok,9268,0,0,9214,0,9268,0,0,,,Дата и время прибытия,,,Количество погибших в КУП,,,,Удаленность от ближайшей ПЧ,,,Количество травмированных в КУП,,,,Наименование объекта,Зарегистрированный ущерб от пожар,Дата и время сообщения,Наименование населенного пункта,Наименование населенного пункта,,"Количество записей о технике, испо",Спасено на пожаре
clean_ekup_2021,ok,7926,0,0,7769,0,7926,0,0,,,Дата и время прибытия,,,Количество погибших в КУП,,,,Удаленность от ближайшей ПЧ,,,Количество травмированных в КУП,,,,Наименование объекта,Зарегистрированный ущерб от пожар,Дата и время сообщения,Наименование населенного пункта,Наименование населенного пункта,,"Количество записей о технике, испо",Спасено на пожаре
clean_ekup_2022,ok,8144,0,0,7845,0,8144,0,0,,,Дата и время прибытия,,,Количество погибших в КУП,,,,Удаленность от ближайшей ПЧ,,,Количество травмированных в КУП,,,,Наименование объекта,Зарегистрированный ущерб от пожар,Дата и время сообщения,Наименование населенного пункта,Наименование населенного пункта,,"Количество записей о технике, испо",Спасено на пожаре
clean_ekup_2023,ok,6194,0,0,6008,0,6194,0,0,,,Дата и время прибытия,,,Количество погибших в КУП,,,,Удаленность от ближайшей ПЧ,,,Количество травмированных в КУП,,,,Наименование объекта,Зарегистрированный ущерб от пожар,Дата и время сообщения,Наименование населенного пункта,Наименование населенного пункта,,"Количество записей о технике, испо",Спасено на пожаре
clean_ekup_2024_decoded,ok,5155,0,0,4984,0,5155,0,0,,,ДАТА И ВРЕМЯ ПРИБЫТИЯ,,,КОЛИЧЕСТВО ПОГИБШИХ В КУП,,,,УДАЛЕННОСТЬ ОТ БЛИЖАЙШЕЙ ПЧ,,,КОЛИЧЕСТВО ТРАВМИРОВАННЫХ В КУП,,,,НАИМЕНОВАНИЕ ОБЪЕКТА,ЗАРЕГИСТРИРОВАННЫЙ УЩЕРБ ОТ ПОЖАР,ДАТА И ВРЕМЯ СООБЩЕНИЯ,НАИМЕНОВАНИЕ НАСЕЛЕННОГО ПУНКТА,НАИМЕНОВАНИЕ НАСЕЛЕННОГО ПУНКТА,,"КОЛИЧЕСТВО ЗАПИСЕЙ О ТЕХНИКЕ, ИСПО",СПАСЕНО НА ПОЖАРЕ
clean_ekup_Yemelyanovo_2024,ok,232,232,129,232,232,232,232,232,Адрес,Комментарий к адресу,Время прибытия 1-го ПП,Есть травмированные или погибшие,Время ликвидации последствий пожа,Количество погибших в КУП,"Площадь м2, уничтожено","Здания (сооружения), уничтожено",Время обнаружения,Удаленность от ближайшей ПЧ,ОКТМО. Текст,Дата возникновения пожара,Количество травмированных в КУП,Широта,Долгота,Категория объекта,Наименование объекта,Зарегистрированный ущерб от пожар,Время сообщения,Вид населенного пункта,Вид населенного пункта,ОКТМО. Текст,Количество записей о водоснабжени,Сведения о водоснабжении на пожар
clean_ekup_Yemelyanovo_2025,ok,5887,5887,2343,5887,5887,5887,5887,5887,Адрес,Комментарий к адресу,Время прибытия 1-го ПП,Есть травмированные или погибшие,Время ликвидации последствий пожа,Количество погибших в КУП,"Площадь м2, уничтожено","Здания (сооружения), повреждено",Время обнаружения,Удаленность от ближайшей ПЧ,ОКТМО. Текст,Дата возникновения пожара,Количество травмированных в КУП,Широта,Долгота,Категория объекта,Наименование объекта,Зарегистрированный ущерб от пожар,Время сообщения,Вид населенного пункта,Вид населенного пункта,ОКТМО. Текст,Количество записей о водоснабжени,Сведения о водоснабжении на пожар
clean_STAT1992_decoded,ok,2671,0,0,2671,0,2671,0,2671,,,F65 | P43_1 | Время прибытия 1 пож. подра,,,"F83 | P50_1 | Количество техники, ед",,,,,,F5 | P4 | Дата возникновения пожара,"F83 | P50_1 | Количество техники, ед",,,,F13 | P10_2 | Вид охраны объекта,,"F63 | P42_1 | Время сообщения, час.",F6 | P5_1 | Вид: населенного пункта,F6 | P5_1 | Вид: населенного пункта,F171 | OKATOPP | Населенный пункт,"F83 | P50_1 | Количество техники, ед",
clean_STAT1993_decoded,ok,9526,0,0,9526,0,9526,0,9526,,,F65 | P43_1 | Время прибытия 1 пож. подра,,,"F83 | P50_1 | Количество техники, ед",,,,,,F5 | P4 | Дата возникновения пожара,"F83 | P50_1 | Количество техники, ед",,,,F13 | P10_2 | Вид охраны объекта,,"F64 | P42_2 | Время сообщения, мин.",F6 | P5_1 | Вид: населенного пункта,F6 | P5_1 | Вид: населенного пункта,F171 | OKATOPP | Населенный пункт,"F83 | P50_1 | Количество техники, ед",
clean_STAT1994_decoded,ok,8529,8504,8504,8529,0,8529,0,8529,F148 | PRIM | Примечание,F148 | PRIM | Примечание,F65 | P43_1 | Время прибытия 1 пож. подра,,,"F83 | P50_1 | Количество техники, ед",,,,,,F5 | P4 | Дата возникновения пожара,"F83 | P50_1 | Количество техники, ед",,,,F13 | P10_2 | Вид охраны объекта,,"F64 | P42_2 | Время сообщения, мин.",F6 | P5_1 | Вид: населенного пункта,F6 | P5_1 | Вид: населенного пункта,F171 | OKATOPP | Населенный пункт,"F83 | P50_1 | Количество техники, ед",
clean_STAT1995_decoded,ok,8045,8036,8036,8045,0,8045,0,8045,F148 | PRIM | Примечание,F148 | PRIM | Примечание,F65 | P43_1 | Время прибытия 1 пож. подра,,,"F83 | P50_1 | Количество техники, ед",,,"F62 | P41_2 | Время обнаружения, мин.",,,F5 | P4 | Дата возникновения пожара,"F83 | P50_1 | Количество техники, ед",,,,F13 | P10_2 | Вид охраны объекта,,"F63 | P42_1 | Время сообщения, час.",F6 | P5_1 | Вид: населенного пункта,F6 | P5_1 | Вид: населенного пункта,F171 | OKATOPP | Населенный пункт,"F83 | P50_1 | Количество техники, ед",
clean_STAT1996_decoded,ok,7756,5050,5050,7756,0,7756,0,7756,PRIM,PRIM,F65 | P43_1 | Время прибытия 1 пож. подра,,,"F83 | P50_1 | Количество техники, ед",,,"F62 | P41_2 | Время обнаружения, мин.",,,F5 | P4 | Дата возникновения пожара,"F83 | P50_1 | Количество техники, ед",,,,F13 | P10_2 | Вид охраны объекта,,"F63 | P42_1 | Время сообщения, час.",F6 | P5_1 | Вид: населенного пункта,F6 | P5_1 | Вид: населенного пункта,F171 | OKATOPP | Населенный пункт,"F83 | P50_1 | Количество техники, ед",
clean_STAT1997_decoded,ok,7195,5728,5728,7195,0,7195,0,7195,PRIM,PRIM,F65 | P43_1 | Время прибытия 1 пож. подра,,,"F83 | P50_1 | Количество техники, ед",,,"F62 | P41_2 | Время обнаружения, мин.",,,F5 | P4 | Дата возникновения пожара,"F83 | P50_1 | Количество техники, ед",,,,F13 | P10_2 | Вид охраны объекта,,"F63 | P42_1 | Время сообщения, час.",F6 | P5_1 | Вид: населенного пункта,F6 | P5_1 | Вид: населенного пункта,F171 | OKATOPP | Населенный пункт,"F83 | P50_1 | Количество техники, ед",
clean_STAT1998_decoded,ok,6913,4843,4843,6913,0,6913,0,6913,PRIM,PRIM,F65 | P43_1 | Время прибытия 1 пож. подра,,,"F83 | P50_1 | Количество техники, ед",,,"F62 | P41_2 | Время обнаружения, мин.",,,F5 | P4 | Дата возникновения пожара,"F83 | P50_1 | Количество техники, ед",,,,F13 | P10_2 | Вид охраны объекта,,"F63 | P42_1 | Время сообщения, час.",F6 | P5_1 | Вид: населенного пункта,F6 | P5_1 | Вид: населенного пункта,F171 | OKATOPP | Населенный пункт,"F83 | P50_1 | Количество техники, ед",
clean_STAT1999_decoded,ok,6703,5765,5765,6703,0,6703,0,6703,PRIM,PRIM,F65 | P43_1 | Время прибытия 1 пож. подра,,,"F83 | P50_1 | Количество техники, ед",,,"F62 | P41_2 | Время обнаружения, мин.",,,F5 | P4 | Дата возникновения пожара,"F83 | P50_1 | Количество техники, ед",,,,F13 | P10_2 | Вид охраны объекта,,"F63 | P42_1 | Время сообщения, час.",F6 | P5_1 | Вид: населенного пункта,F6 | P5_1 | Вид: населенного пункта,F171 | OKATOPP | Населенный пункт,"F83 | P50_1 | Количество техники, ед",
clean_STAT2000_decoded,ok,6546,5302,5302,6546,0,6546,0,6546,PRIM,PRIM,F65 | P43_1 | Время прибытия 1 пож. подра,,,"F83 | P50_1 | Количество техники, ед",,,"F62 | P41_2 | Время обнаружения, мин.",,,F5 | P4 | Дата возникновения пожара,"F83 | P50_1 | Количество техники, ед",,,,F13 | P10_2 | Вид охраны объекта,,"F63 | P42_1 | Время сообщения, час.",F6 | P5_1 | Вид: населенного пункта,F6 | P5_1 | Вид: населенного пункта,F171 | OKATOPP | Населенный пункт,"F83 | P50_1 | Количество техники, ед",
clean_STAT2001_decoded,ok,6290,5674,5674,6290,0,6290,0,6290,PRIM,PRIM,F65 | P43_1 | Время прибытия 1 пож. подра,,,"F83 | P50_1 | Количество техники, ед",,,"F62 | P41_2 | Время обнаружения, мин.",,,F5 | P4 | Дата возникновения пожара,"F83 | P50_1 | Количество техники, ед",,,,F13 | P10_2 | Вид охраны объекта,,"F63 | P42_1 | Время сообщения, час.",F6 | P5_1 | Вид: населенного пункта,F6 | P5_1 | Вид: населенного пункта,F171 | OKATOPP | Населенный пункт,"F83 | P50_1 | Количество техники, ед",
clean_STAT2002_decoded,ok,6142,5586,5586,6142,0,6142,0,6142,PRIM,PRIM,F65 | P43_1 | Время прибытия 1 пож. подра,,,"F83 | P50_1 | Количество техники, ед",,,"F62 | P41_2 | Время обнаружения, мин.",,,F5 | P4 | Дата возникновения пожара,"F83 | P50_1 | Количество техники, ед",,,,F13 | P10_2 | Вид охраны объекта,,"F63 | P42_1 | Время сообщения, час.",F6 | P5_1 | Вид: населенного пункта,F6 | P5_1 | Вид: населенного пункта,F171 | OKATOPP | Населенный пункт,"F83 | P50_1 | Количество техники, ед",
clean_STAT2003_decoded,ok,5930,4713,4713,5930,0,5930,0,5930,PRIM,PRIM,F65 | P43_1 | Время прибытия 1 пож. подра,,,"F83 | P50_1 | Количество техники, ед",,,"F62 | P41_2 | Время обнаружения, мин.",,,F5 | P4 | Дата возникновения пожара,"F83 | P50_1 | Количество техники, ед",,,,F13 | P10_2 | Вид охраны объекта,,"F63 | P42_1 | Время сообщения, час.",F6 | P5_1 | Вид: населенного пункта,F6 | P5_1 | Вид: населенного пункта,F171 | OKATOPP | Населенный пункт,"F83 | P50_1 | Количество техники, ед",
clean_STAT2004_decoded,ok,5948,4233,4233,5948,0,5948,0,5948,PRIM,PRIM,F65 | P43_1 | Время прибытия 1 пож. подра,,,"F83 | P50_1 | Количество техники, ед",,,"F62 | P41_2 | Время обнаружения, мин.",,,F5 | P4 | Дата возникновения пожара,"F83 | P50_1 | Количество техники, ед",,,,F13 | P10_2 | Вид охраны объекта,,"F63 | P42_1 | Время сообщения, час.",F6 | P5_1 | Вид: населенного пункта,F6 | P5_1 | Вид: населенного пункта,F171 | OKATOPP | Населенный пункт,"F83 | P50_1 | Количество техники, ед",
clean_STAT2005_decoded,ok,5623,4061,4061,5623,0,5623,0,5623,PRIM,PRIM,F65 | P43_1 | Время прибытия 1 пож. подра,,,"F83 | P50_1 | Количество техники, ед",,,"F62 | P41_2 | Время обнаружения, мин.",,,F5 | P4 | Дата возникновения пожара,"F83 | P50_1 | Количество техники, ед",,,,F13 | P10_2 | Вид охраны объекта,,"F63 | P42_1 | Время сообщения, час.",F6 | P5_1 | Вид: населенного пункта,F6 | P5_1 | Вид: населенного пункта,F171 | OKATOPP | Населенный пункт,"F83 | P50_1 | Количество техники, ед",
clean_STAT2006_decoded,ok,5354,5005,5005,5354,0,5354,0,5354,PRIM,PRIM,F65 | P43_1 | Время прибытия 1 пож. подра,,,"F83 | P50_1 | Количество техники, ед",,,"F62 | P41_2 | Время обнаружения, мин.",,,F5 | P4 | Дата возникновения пожара,"F83 | P50_1 | Количество техники, ед",,,,F13 | P10_2 | Вид охраны объекта,,"F63 | P42_1 | Время сообщения, час.",F6 | P5_1 | Вид: населенного пункта,F6 | P5_1 | Вид: населенного пункта,F171 | OKATOPP | Населенный пункт,"F83 | P50_1 | Количество техники, ед",
clean_STAT2007_decoded,ok,5060,2985,2985,5060,0,5060,0,5060,PRIM,PRIM,F65 | P43_1 | Время прибытия 1 пож. подра,,,"F83 | P50_1 | Количество техники, ед",,,"F62 | P41_2 | Время обнаружения, мин.",,,F5 | P4 | Дата возникновения пожара,"F83 | P50_1 | Количество техники, ед",,,,F13 | P10_2 | Вид охраны объекта,,"F63 | P42_1 | Время сообщения, час.",F6 | P5_1 | Вид: населенного пункта,F6 | P5_1 | Вид: населенного пункта,F171 | OKATOPP | Населенный пункт,"F83 | P50_1 | Количество техники, ед",
clean_STAT2008_decoded,ok,4523,4511,4511,4523,0,4523,0,4523,F148 | PRIM | Примечание,F148 | PRIM | Примечание,F65 | P43_1 | Время прибытия 1 пож. подра,,,"F83 | P50_1 | Количество техники, ед",,,"F62 | P41_2 | Время обнаружения, мин.",,,F5 | P4 | Дата возникновения пожара,"F83 | P50_1 | Количество техники, ед",,,,F13 | P10_2 | Вид охраны объекта,,"F63 | P42_1 | Время сообщения, час.",F6 | P5_1 | Вид: населенного пункта,F6 | P5_1 | Вид: населенного пункта,,"F83 | P50_1 | Количество техники, ед",
clean_STAT2009_decoded,ok,11195,11195,11195,11195,0,11195,0,11195,F148 | PRIM | Примечание,F148 | PRIM | Примечание,F65 | P43_1 | Время прибытия 1 пож. подра,,,"F83 | P50_1 | Количество техники, ед",,,"F62 | P41_2 | Время обнаружения, мин.",,,F5 | P4 | Дата возникновения пожара,"F83 | P50_1 | Количество техники, ед",,,,F150 | NAME_O | Наименование объекта,,"F63 | P42_1 | Время сообщения, час.",F6 | P5_1 | Вид: населенного пункта,F6 | P5_1 | Вид: населенного пункта,F171 | OKATOPP | Населенный пункт,"F83 | P50_1 | Количество техники, ед",
clean_STAT2010_decoded,ok,14273,14272,14272,14273,0,14273,0,14273,F148 | PRIM | Примечание,F148 | PRIM | Примечание,F65 | P43_1 | Время прибытия 1 пож. подра,,,"F83 | P50_1 | Количество техники, ед",,,"F62 | P41_2 | Время обнаружения, мин.",,,F5 | P4 | Дата возникновения пожара,"F83 | P50_1 | Количество техники, ед",,,,F150 | NAME_O | Наименование объекта,,"F63 | P42_1 | Время сообщения, час.",F6 | P5_1 | Вид: населенного пункта,F6 | P5_1 | Вид: населенного пункта,F171 | OKATOPP | Населенный пункт,"F83 | P50_1 | Количество техники, ед",
clean_STAT2011_decoded,ok,17249,17245,17245,17249,0,17249,0,17249,F148 | PRIM | Примечание,F148 | PRIM | Примечание,F65 | P43_1 | Время прибытия 1 пож. подра,,,"F83 | P50_1 | Количество техники, ед",,,"F62 | P41_2 | Время обнаружения, мин.",,,F5 | P4 | Дата возникновения пожара,"F83 | P50_1 | Количество техники, ед",,,,F150 | NAME_O | Наименование объекта,,"F63 | P42_1 | Время сообщения, час.",F6 | P5_1 | Вид: населенного пункта,F6 | P5_1 | Вид: населенного пункта,F171 | OKATOPP | Населенный пункт,"F83 | P50_1 | Количество техники, ед",
clean_STAT2012_decoded,ok,17337,17329,17329,17337,0,17337,0,17337,F148 | PRIM | Примечание,F148 | PRIM | Примечание,F65 | P43_1 | Время прибытия 1 пож. подра,,,"F83 | P50_1 | Количество техники, ед",,,"F61 | P41_1 | Время обнаружения, час.",,,F5 | P4 | Дата возникновения пожара,"F83 | P50_1 | Количество техники, ед",,,,F150 | NAME_O | Наименование объекта,,"F63 | P42_1 | Время сообщения, час.",F6 | P5_1 | Вид: населенного пункта,F6 | P5_1 | Вид: населенного пункта,F171 | OKATOPP | Населенный пункт,"F83 | P50_1 | Количество техники, ед",
clean_STAT2013_decoded,ok,23578,23576,23576,23578,0,23578,0,23578,F148 | PRIM | Примечание,F148 | PRIM | Примечание,F65 | P43_1 | Время прибытия 1 пож. подра,,,"F83 | P50_1 | Количество техники, ед",,,"F61 | P41_1 | Время обнаружения, час.",,,F5 | P4 | Дата возникновения пожара,"F83 | P50_1 | Количество техники, ед",,,,F150 | NAME_O | Наименование объекта,,"F63 | P42_1 | Время сообщения, час.",F6 | P5_1 | Вид: населенного пункта,F6 | P5_1 | Вид: населенного пункта,F171 | OKATOPP | Населенный пункт,"F83 | P50_1 | Количество техники, ед",
clean_STAT2014_decoded,ok,16300,16298,16298,16300,0,16300,0,16300,F148 | PRIM | Примечание,F148 | PRIM | Примечание,F65 | P43_1 | Время прибытия 1 пож. подра,,,"F83 | P50_1 | Количество техники, ед",,,"F61 | P41_1 | Время обнаружения, час.",,,F5 | P4 | Дата возникновения пожара,"F83 | P50_1 | Количество техники, ед",,,,F150 | NAME_O | Наименование объекта,,"F63 | P42_1 | Время сообщения, час.",F6 | P5_1 | Вид: населенного пункта,F6 | P5_1 | Вид: населенного пункта,F171 | OKATOPP | Населенный пункт,"F83 | P50_1 | Количество техники, ед",
clean_STAT2015_decoded,ok,15078,15077,15077,15078,0,15078,0,15078,F148 | PRIM | Примечание,F148 | PRIM | Примечание,F65 | P43_1 | Время прибытия 1 пож. подра,,,"F83 | P50_1 | Количество техники, ед",,,"F61 | P41_1 | Время обнаружения, час.",,,F5 | P4 | Дата возникновения пожара,"F83 | P50_1 | Количество техники, ед",,,,F150 | NAME_O | Наименование объекта,,"F63 | P42_1 | Время сообщения, час.",F6 | P5_1 | Вид: населенного пункта,F6 | P5_1 | Вид: населенного пункта,F171 | OKATOPP | Населенный пункт,"F83 | P50_1 | Количество техники, ед",
clean_STAT2016_decoded,ok,23959,23958,23958,23959,0,23959,0,23959,F148 | PRIM | Примечание,F148 | PRIM | Примечание,F65 | P43_1 | Время прибытия 1 пож. подра,,,"F83 | P50_1 | Количество техники, ед",,,"F61 | P41_1 | Время обнаружения, час.",,,F5 | P4 | Дата возникновения пожара,"F83 | P50_1 | Количество техники, ед",,,,F150 | NAME_O | Наименование объекта,,"F63 | P42_1 | Время сообщения, час.",F6 | P5_1 | Вид: населенного пункта,F6 | P5_1 | Вид: населенного пункта,F171 | OKATOPP | Населенный пункт,"F83 | P50_1 | Количество техники, ед",
clean_stat2017_decoded,ok,14549,14542,14542,14549,0,14549,0,14543,F148 | PRIM | Примечание,F148 | PRIM | Примечание,F65 | P43_1 | Время прибытия 1 пож. подра,,,"F83 | P50_1 | Количество техники, ед",,,"F61 | P41_1 | Время обнаружения, час.",,,F5 | P4 | Дата возникновения пожара,"F83 | P50_1 | Количество техники, ед",,,,F150 | NAME_O | Наименование объекта,,"F63 | P42_1 | Время сообщения, час.",F6 | P5_1 | Вид: населенного пункта,F6 | P5_1 | Вид: населенного пункта,F171 | OKATOPP | Населенный пункт,"F83 | P50_1 | Количество техники, ед",
clean_stat2018_decoded,ok,8727,8725,8725,8727,0,8727,0,8725,F148 | PRIM | Примечание,F148 | PRIM | Примечание,F65 | P43_1 | Время прибытия 1 пож. подра,,,"F83 | P50_1 | Количество техники, ед",,,"F61 | P41_1 | Время обнаружения, час.",,,F5 | P4 | Дата возникновения пожара,"F83 | P50_1 | Количество техники, ед",,,,F150 | NAME_O | Наименование объекта,,"F63 | P42_1 | Время сообщения, час.",F6 | P5_1 | Вид: населенного пункта,F6 | P5_1 | Вид: населенного пункта,F171 | OKATOPP | Населенный пункт,"F83 | P50_1 | Количество техники, ед",
clean_STAT2020_decoded,ok,9749,9749,9749,9749,0,9749,0,9749,F148 | PRIM | Примечание,F148 | PRIM | Примечание,F65 | P43_1 | Время прибытия 1 пож. подра,,,"F83 | P50_1 | Количество техники, ед",,,"F61 | P41_1 | Время обнаружения, час.",,,F5 | P4 | Дата возникновения пожара,"F83 | P50_1 | Количество техники, ед",,,,F13 | P10_2 | Вид охраны объекта,,"F63 | P42_1 | Время сообщения, час.",F6 | P5_1 | Вид: населенного пункта,F6 | P5_1 | Вид: населенного пункта,F171 | OKATOPP | Населенный пункт,"F83 | P50_1 | Количество техники, ед",
