table,status,records_after_filters,resolved_date,resolved_territory_label,resolved_district,resolved_settlement,resolved_settlement_type,resolved_address,resolved_address_comment
clean_ekup_2019,ok,11872,Дата и время сообщения,,,Наименование населенного пункта,Наименование населенного пункта,,
clean_ekup_2020,ok,9269,Дата и время сообщения,,,Наименование населенного пункта,Наименование населенного пункта,,
clean_ekup_2021,ok,7926,Дата и время сообщения,,,Наименование населенного пункта,Наименование населенного пункта,,
clean_ekup_2022,ok,8145,Дата и время сообщения,,,Наименование населенного пункта,Наименование населенного пункта,,
clean_ekup_2023,ok,6194,Дата и время сообщения,,,Наименование населенного пункта,Наименование населенного пункта,,
clean_ekup_2024_decoded,ok,5155,ДАТА И ВРЕМЯ СООБЩЕНИЯ,,,НАИМЕНОВАНИЕ НАСЕЛЕННОГО ПУНКТА,НАИМЕНОВАНИЕ НАСЕЛЕННОГО ПУНКТА,,
clean_ekup_Yemelyanovo_2024,ok,232,Дата возникновения пожара,ОКТМО. Текст,ОКТМО. Текст,Вид населенного пункта,Вид населенного пункта,Адрес,Комментарий к адресу
clean_ekup_Yemelyanovo_2025,ok,5887,Дата возникновения пожара,ОКТМО. Текст,ОКТМО. Текст,Вид населенного пункта,Вид населенного пункта,Адрес,Комментарий к адресу
clean_STAT1992_decoded,ok,2671,F5 | P4 | Дата возникновения пожара,F171 | OKATOPP | Населенный пункт,,F6 | P5_1 | Вид: населенного пункта,F6 | P5_1 | Вид: населенного пункта,,
clean_STAT1993_decoded,ok,9526,F5 | P4 | Дата возникновения пожара,F171 | OKATOPP | Населенный пункт,,F6 | P5_1 | Вид: населенного пункта,F6 | P5_1 | Вид: населенного пункта,,
clean_STAT1994_decoded,ok,8529,F5 | P4 | Дата возникновения пожара,F171 | OKATOPP | Населенный пункт,,F6 | P5_1 | Вид: населенного пункта,F6 | P5_1 | Вид: населенного пункта,F148 | PRIM | Примечание,F148 | PRIM | Примечание
clean_STAT1995_decoded,ok,8045,F5 | P4 | Дата возникновения пожара,F171 | OKATOPP | Населенный пункт,,F6 | P5_1 | Вид: населенного пункта,F6 | P5_1 | Вид: населенного пункта,F148 | PRIM | Примечание,F148 | PRIM | Примечание
clean_STAT1996_decoded,ok,7756,F5 | P4 | Дата возникновения пожара,F171 | OKATOPP | Населенный пункт,,F6 | P5_1 | Вид: населенного пункта,F6 | P5_1 | Вид: населенного пункта,PRIM,PRIM
clean_STAT1997_decoded,ok,7195,F5 | P4 | Дата возникновения пожара,F171 | OKATOPP | Населенный пункт,,F6 | P5_1 | Вид: населенного пункта,F6 | P5_1 | Вид: населенного пункта,PRIM,PRIM
clean_STAT1998_decoded,ok,6913,F5 | P4 | Дата возникновения пожара,F171 | OKATOPP | Населенный пункт,,F6 | P5_1 | Вид: населенного пункта,F6 | P5_1 | Вид: населенного пункта,PRIM,PRIM
clean_STAT1999_decoded,ok,6703,F5 | P4 | Дата возникновения пожара,F171 | OKATOPP | Населенный пункт,,F6 | P5_1 | Вид: населенного пункта,F6 | P5_1 | Вид: населенного пункта,PRIM,PRIM
clean_STAT2000_decoded,ok,6546,F5 | P4 | Дата возникновения пожара,F171 | OKATOPP | Населенный пункт,,F6 | P5_1 | Вид: населенного пункта,F6 | P5_1 | Вид: населенного пункта,PRIM,PRIM
clean_STAT2001_decoded,ok,6290,F5 | P4 | Дата возникновения пожара,F171 | OKATOPP | Населенный пункт,,F6 | P5_1 | Вид: населенного пункта,F6 | P5_1 | Вид: населенного пункта,PRIM,PRIM
clean_STAT2002_decoded,ok,6142,F5 | P4 | Дата возникновения пожара,F171 | OKATOPP | Населенный пункт,,F6 | P5_1 | Вид: населенного пункта,F6 | P5_1 | Вид: населенного пункта,PRIM,PRIM
clean_STAT2003_decoded,ok,5930,F5 | P4 | Дата возникновения пожара,F171 | OKATOPP | Населенный пункт,,F6 | P5_1 | Вид: населенного пункта,F6 | P5_1 | Вид: населенного пункта,PRIM,PRIM
clean_STAT2004_decoded,ok,5948,F5 | P4 | Дата возникновения пожара,F171 | OKATOPP | Населенный пункт,,F6 | P5_1 | Вид: населенного пункта,F6 | P5_1 | Вид: населенного пункта,PRIM,PRIM
clean_STAT2005_decoded,ok,5623,F5 | P4 | Дата возникновения пожара,F171 | OKATOPP | Населенный пункт,,F6 | P5_1 | Вид: населенного пункта,F6 | P5_1 | Вид: населенного пункта,PRIM,PRIM
clean_STAT2006_decoded,ok,5354,F5 | P4 | Дата возникновения пожара,F171 | OKATOPP | Населенный пункт,,F6 | P5_1 | Вид: населенного пункта,F6 | P5_1 | Вид: населенного пункта,PRIM,PRIM
clean_STAT2007_decoded,ok,5060,F5 | P4 | Дата возникновения пожара,F171 | OKATOPP | Населенный пункт,,F6 | P5_1 | Вид: населенного пункта,F6 | P5_1 | Вид: населенного пункта,PRIM,PRIM
clean_STAT2008_decoded,ok,4523,F5 | P4 | Дата возникновения пожара,,,F6 | P5_1 | Вид: населенного пункта,F6 | P5_1 | Вид: населенного пункта,F148 | PRIM | Примечание,F148 | PRIM | Примечание
clean_STAT2009_decoded,ok,11195,F5 | P4 | Дата возникновения пожара,F171 | OKATOPP | Населенный пункт,,F6 | P5_1 | Вид: населенного пункта,F6 | P5_1 | Вид: населенного пункта,F148 | PRIM | Примечание,F148 | PRIM | Примечание
clean_STAT2010_decoded,ok,14273,F5 | P4 | Дата возникновения пожара,F171 | OKATOPP | Населенный пункт,,F6 | P5_1 | Вид: населенного пункта,F6 | P5_1 | Вид: населенного пункта,F148 | PRIM | Примечание,F148 | PRIM | Примечание
clean_STAT2011_decoded,ok,17249,F5 | P4 | Дата возникновения пожара,F171 | OKATOPP | Населенный пункт,,F6 | P5_1 | Вид: населенного пункта,F6 | P5_1 | Вид: населенного пункта,F148 | PRIM | Примечание,F148 | PRIM | Примечание
clean_STAT2012_decoded,ok,17337,F5 | P4 | Дата возникновения пожара,F171 | OKATOPP | Населенный пункт,,F6 | P5_1 | Вид: населенного пункта,F6 | P5_1 | Вид: населенного пункта,F148 | PRIM | Примечание,F148 | PRIM | Примечание
clean_STAT2013_decoded,ok,23578,F5 | P4 | Дата возникновения пожара,F171 | OKATOPP | Населенный пункт,,F6 | P5_1 | Вид: населенного пункта,F6 | P5_1 | Вид: населенного пункта,F148 | PRIM | Примечание,F148 | PRIM | Примечание
clean_STAT2014_decoded,ok,16300,F5 | P4 | Дата возникновения пожара,F171 | OKATOPP | Населенный пункт,,F6 | P5_1 | Вид: населенного пункта,F6 | P5_1 | Вид: населенного пункта,F148 | PRIM | Примечание,F148 | PRIM | Примечание
clean_STAT2015_decoded,ok,15078,F5 | P4 | Дата возникновения пожара,F171 | OKATOPP | Населенный пункт,,F6 | P5_1 | Вид: населенного пункта,F6 | P5_1 | Вид: населенного пункта,F148 | PRIM | Примечание,F148 | PRIM | Примечание
clean_STAT2016_decoded,ok,23959,F5 | P4 | Дата возникновения пожара,F171 | OKATOPP | Населенный пункт,,F6 | P5_1 | Вид: населенного пункта,F6 | P5_1 | Вид: населенного пункта,F148 | PRIM | Примечание,F148 | PRIM | Примечание
clean_stat2017_decoded,ok,14543,F5 | P4 | Дата возникновения пожара,F171 | OKATOPP | Населенный пункт,,F6 | P5_1 | Вид: населенного пункта,F6 | P5_1 | Вид: населенного пункта,F148 | PRIM | Примечание,F148 | PRIM | Примечание
clean_stat2018_decoded,ok,8725,F5 | P4 | Дата возникновения пожара,F171 | OKATOPP | Населенный пункт,,F6 | P5_1 | Вид: населенного пункта,F6 | P5_1 | Вид: населенного пункта,F148 | PRIM | Примечание,F148 | PRIM | Примечание
clean_STAT2020_decoded,ok,9749,F5 | P4 | Дата возникновения пожара,F171 | OKATOPP | Населенный пункт,,F6 | P5_1 | Вид: населенного пункта,F6 | P5_1 | Вид: населенного пункта,F148 | PRIM | Примечание,F148 | PRIM | Примечание
