column,pcode,description,dictionary,mapped_rows,coverage,candidate_matches
F1,P1,,,0,0.0,
F2,P2,Код органа – составителя карточки,rayon,8725,1.0,8725.0
F3,P3_1,"Номер карточки, основная (О)",,0,0.0,
F4,P3_2,Номер карточки дополнительная,,0,0.0,
F5,P4,Дата возникновения пожара,,0,0.0,
F6,P5_1,Вид: населенного пункта,frSF05_1,8727,1.0,8727.0
F7,P5_2,пожарной охраны населенного пункта,vid_oxp,8625,0.9885,8627.0
F8,P6,Форма собственности,sobst,3872,1.0,8727.0
F9,P7,Организационно-правовая форма,formorg,618,0.2089,6386.0
F10,P8,Ведомственная принадлежность,ministry,0,0.0,8503.0
F11,P9,"Тип предприятия, организации, учреждения",tippr,3946,1.0,8727.0
F12,P10_1,Объект пожара,object_09,7523,0.862,7523.0
F13,P10_2,Вид охраны объекта,vid_oxpo,8592,0.9999,8726.0
F14,P11_1,Этажность здания,,0,0.0,
F15,P11_2,"этаж, на котором возник пожар",,0,0.0,
F16,P12,Степень огнестойкости,ognest,677,0.2488,6681.0
F17,P13_1,Место возникновения,plase,3492,0.4002,3494.0
F17A,P13_2,тип места,plase,6417,1.0,8727.0
F18,P14,"Изделие, устройство, материал",izdel,1876,0.4368,6308.0
F19,P15,Причина пожара,prich,3339,0.8331,8058.0
F20,P16_1,Виновное лицо,vinov,1662,0.4132,6367.0
F21,P16_2,алкогольное (наркотическое) опьянение,sostvin,0,0.0,5201.0
F22,P16_3,(состояние не установлено),,0,0.0,
F23,P17,Возраст виновного лица,,0,0.0,
F24,P18_1,Результат дознания по пожару,ud,1821,0.209,1837.0
F24A,P18_2,прохождение дела,udwho,86,1.0,8727.0
F24B,P18_3,кем возбуждено,udst,84,0.9767,8725.0
F25,P19,Дата последнего детального обследования,,0,0.0,
F26,P20,"Расстояние до пожарной части, км",,0,0.0,
F27,P21_1,Погибло людей: всего,,0,0.0,
F28,P21_2,В том числе детей,,0,0.0,
F29,P21_3,работников ПО,,0,0.0,
F30,P22_1,Получили травмы: всего,,0,0.0,
F31,P22_2,В том числе детей,,0,0.0,
F32,P22_3,работников ПО,,0,0.0,
F33,P23_1,"Условия, способствовавшие получению травм",usl_tra,74,0.6789,8692.0
F34,P23_2,,,0,0.0,
F35,P23_3,,,0,0.0,
F36,P24,Прямой ущерб,,0,0.0,
F37,P25,По основным фондам,,0,0.0,
F38,P26,По оборотным средствам,,0,0.0,
F39,P27_1,УНИЧТОЖЕНО: Строений,,0,0.0,
F40,P27_2,Единиц,,0,0.0,
F41,P28_1,Жилых квартир,,0,0.0,
F42,P28_2,"Комнат, ед",,0,0.0,
F43,P29_1,Поэтажной площади,,0,0.0,
F44,P29_2,Кв.м.,,0,0.0,
F45,P30_1,"Автотракторной техники, ед.",,0,0.0,
F46,P30_2,"Другой техники, ед.",,0,0.0,
F47,P31_1,Зерновых культур,,0,0.0,
F48,P31_2,зернобобовых культур,,0,0.0,
F49,P32_1,Кормов,,0,0.0,
F50,P32_2,Тонн,,0,0.0,
F51,P33_1,Технических культур,,0,0.0,
F52,P33_2,Тонн,,0,0.0,
F53,P34,Скота крупного голов,,0,0.0,
F54,P35,Скота мелкого голов,,0,0.0,
F55,P36,"Птицы , штук",,0,0.0,
F56,P37,СПАСЕНО: людей,,0,0.0,
F57,P38_1,Скота: крупного,,0,0.0,
F58,P38_2,Скота: мелкого,,0,0.0,
F59,P39,Автотракторной и др. техники,,0,0.0,
F60,P40,"Материальных ценностей, руб",,0,0.0,
F61,P41_1,"Время обнаружения, час.",,0,0.0,
F62,P41_2,"Время обнаружения, мин.",,0,0.0,
F63,P42_1,"Время сообщения, час.",,0,0.0,
F64,P42_2,"Время сообщения, мин.",,0,0.0,
F65,P43_1,"Время прибытия 1 пож. подразделения, час",,0,0.0,
F66,P43_2,"Время прибытия 1 пож. подразделения, мин.",,0,0.0,
F67,P44_1,"Время локализации, час",,0,0.0,
F68,P44_2,"Время локализации, мин",,0,0.0,
F69,P45_1,"Время ликвидации, час",,0,0.0,
F70,P45_2,"Время ликвидации, мин",,0,0.0,
F71,P46,Дата ликвидации,,0,0.0,
F72,P47_1,"Условия, способствовавшие развитию пожара",usl_razv,1349,0.7566,8291.0
F73,P47_2,,usl_razv,102,0.7445,8690.0
F74,P47_3,,usl_razv,28,0.7568,8716.0
F75,P48_1,Участники тушения пожара,Uch_tuch,8062,0.9241,8063.0
F76,P48_2,,Uch_tuch,421,0.5236,8342.0
F77,P48_3,,Uch_tuch,59,0.686,8698.0
F78,P49_1,Техника,Technic,8640,0.9999,8724.0
F79,P49_2,,Technic,404,0.9712,8713.0
F80,P49_3,,Technic,52,0.8387,8715.0
F81,P49_4,,Technic,12,0.5455,8715.0
F82,P49_5,,Technic,2,0.6667,8724.0
F83,P50_1,"Количество техники, ед",,0,0.0,
F84,P50_2,,,0,0.0,
F85,P50_3,,,0,0.0,
F86,P50_4,,,0,0.0,
F87,P50_5,,,0,0.0,
F88,P51_1,Подано стволов,Stvol,8469,1.0,8725.0
F89,P51_2,,Stvol,132,1.0,8725.0
F90,P51_3,,Stvol,9,1.0,8725.0
F91,P52_1,,,0,0.0,
F92,P52_2,"Количество стволов, ед",,0,0.0,
F93,P52_3,,,0,0.0,
F94,P53_1,Огнетушащие средства,Ots,4937,1.0,8725.0
F95,P53_2,,Ots,11,1.0,8725.0
F96,P53_3,,Ots,0,1.0,8725.0
F97,P54_1,Первичные средства пожаротушения,Perv_sr,4841,0.9874,8663.0
F98,P54_2,,Perv_sr,9,0.8182,8723.0
F99,P54_3,,Perv_sr,640,1.0,8725.0
F100,P55_1,Водоисточники,Vodoist,4941,1.0,8725.0
F101,P55_2,,Vodoist,69,1.0,8725.0
F102,P55_3,,Vodoist,0,1.0,8725.0
F103,P56_1,Работа установок пожарной автоматики,frSF56,33,1.0,33.0
F104,P56_2,,frSF56,6,1.0,6.0
F105,P56_3,,,0,0.0,
F106,P57_1,Результаты работы,frSF57,33,1.0,33.0
F107,P57_2,,frSF57,6,1.0,6.0
F108,P57_3,,frSF57,3,1.0,3.0
F109,P58_1,Руководитель тушения пожара,Rtp1,4879,0.9737,8593.0
F110,P58_2,,Rtp1,4763,0.9728,8592.0
F111,P59,Выезд следственно-оперативной группы,mom_gib,4908,1.0,8725.0
F112,P60_1,Возраст погибших,,0,0.0,
F113,P60_2,,,0,0.0,
F114,P60_3,,,0,0.0,
F115,P60_4,,,0,0.0,
F116,P60_5,,,0,0.0,
F117,P61_1,Пол погибших,sex,102,0.9903,8724.0
F118,P61_2,,sex,14,1.0,8725.0
F119,P61_3,,sex,5,1.0,8725.0
F120,P61_4,,sex,1,1.0,8725.0
F121,P61_5,,sex,0,1.0,8725.0
F122,P62_1,Социальное положение,social,68,0.6602,8690.0
F123,P62_2,,social,8,0.5714,8719.0
F124,P62_3,,social,4,0.8,8724.0
F125,P62_4,,social,1,1.0,8725.0
F126,P62_5,,social,0,1.0,8725.0
F127,P63_1,Образование погибших,obraz,103,1.0,8725.0
F128,P63_2,,obraz,14,1.0,8725.0
F129,P63_3,,obraz,5,1.0,8725.0
F130,P63_4,,obraz,1,1.0,8725.0
F131,P63_5,,obraz,0,1.0,8725.0
F132,P64_1,Причина гибели,prch_gib,80,0.7767,8702.0
F133,P64_2,,prch_gib,12,0.8571,8723.0
F134,P64_3,,prch_gib,4,0.8,8724.0
F135,P64_4,,prch_gib,1,1.0,8725.0
F136,P64_5,,prch_gib,0,1.0,8725.0
F137,P65_1,"Условия, способствовавшие гибели",usl_gib,75,0.7282,8697.0
F138,P65_2,,usl_gib,12,0.8571,8723.0
F139,P65_3,,usl_gib,4,0.8,8724.0
F140,P65_4,,usl_gib,1,1.0,8725.0
F141,P65_5,,usl_gib,0,1.0,8725.0
F142,P66_1,Момент наступления смерти,mom_gib,91,0.8835,8713.0
F143,P66_2,,mom_gib,12,0.8571,8723.0
F144,P66_3,,mom_gib,5,1.0,8725.0
F145,P66_4,,mom_gib,1,1.0,8725.0
F146,P66_5,,mom_gib,0,1.0,8725.0
F147,P67,,,0,0.0,
F148,PRIM,Примечание,,0,0.0,
F149,ADRES_O,Адрес объекта,,0,0.0,
F150,NAME_O,Наименование объекта,,0,0.0,
F151,DOP1,Время подачи первого ствола,,0,0.0,
F152,DOP2,,,0,0.0,
F153,DOP3,,,0,0.0,
F154,DOP4,,,0,0.0,
F155,DOP5,,,0,0.0,
F156,DOP6,,,0,0.0,
F157,DOP7,,,0,0.0,
F158,DOP8,,,0,0.0,
F159,DOP9,,,0,0.0,
F160,DOP10,,,0,0.0,
F161,DOP11,,,0,0.0,
F162,DOP12,,,0,0.0,
F163,DOP13,,,0,0.0,
F164,DOP14,,,0,0.0,
F165,DOP15,,,0,0.0,
F166,DOP16,,,0,0.0,
F167,DOP17,,,0,0.0,
F168,DOP18,,,0,0.0,
F169,DOP19,,,0,0.0,
F170,DOP20,,,0,0.0,
F171,OKATOPP,Населенный пункт,,0,0.0,
F172,,,,0,0.0,
F173,,,,0,0.0,
F174,,,,0,0.0,
F175,,,,0,0.0,
F176,,,,0,0.0,
F177,,,,0,0.0,
F178,,,,0,0.0,
F179,,,,0,0.0,
F180,,,,0,0.0,
F181,,,,0,0.0,
F182,,,,0,0.0,
F183,,,,0,0.0,
F184,,,,0,0.0,
F185,,,,0,0.0,
F186,,,,0,0.0,
F187,,,,0,0.0,
F188,,,,0,0.0,
F189,,,,0,0.0,
F190,,,,0,0.0,
F191,,,,0,0.0,
F192,,,,0,0.0,
F193,,,,0,0.0,
F194,,,,0,0.0,
F195,,,,0,0.0,
F196,,,,0,0.0,
F197,,,,0,0.0,
F198,,,,0,0.0,
F199,,,,0,0.0,
ПОЛЕ203,,,,0,0.0,
ПОЛЕ204,,,,0,0.0,
ПОЛЕ205,,,,0,0.0,
ПОЛЕ206,,,,0,0.0,
ПОЛЕ207,,,,0,0.0,
ПОЛЕ208,,,,0,0.0,
